PRODNAME,PRICE,SHIPMENTBY,PRODIMG,PRODURL
Star Wars Men's TIE Fighter Blueprint T-Shirt,$19.95,Fifth Sun Apparel,//i5.walmartimages.com/asr/eee68391-778d-44b3-8739-2675c4dadf40_1.dd6481b46af86a65289379e023d07224.jpeg?odnWidth=200&odnHeight=200&odnBg=ffffff,https://www.walmart.com/ip/Star-Wars-Men-s-TIE-Fighter-Blueprint-T-Shirt/178815422
Star Wars Men's Periodic Table of Elements T-Shirt,$14.99 - $19.95,American Enterprise Inc,//i5.walmartimages.com/dfw/63fd9f59-33e4/k2-_1255bd77-c218-4f2a-99ce-14731eeaa110.v1.gif,https://www.walmart.com/ip/Star-Wars-Men-s-Periodic-Table-of-Elements-T-Shirt/151735800
Star Wars Men's Simple Logo T-Shirt,$19.95,Fifth Sun Apparel,//i5.walmartimages.com/dfw/63fd9f59-33e4/k2-_1255bd77-c218-4f2a-99ce-14731eeaa110.v1.gif,https://www.walmart.com/ip/Star-Wars-Men-s-Simple-Logo-T-Shirt/192554871
"Star wars mens graphic tee, 2xl",$4.00 - $5.00,,//i5.walmartimages.com/dfw/63fd9f59-33e4/k2-_1255bd77-c218-4f2a-99ce-14731eeaa110.v1.gif,https://www.walmart.com/ip/Star-wars-mens-graphic-tee-2xl/619366253
Men's Military Officially Licensed Marines Short Sle  ...,$4.17 - $4.80,,//i5.walmartimages.com/dfw/63fd9f59-33e4/k2-_1255bd77-c218-4f2a-99ce-14731eeaa110.v1.gif,https://www.walmart.com/ip/Men-s-Military-Officially-Licensed-Marines-Short-Sleeve-Tee/49293062
Army Men's Combo Shirt & Beanie,$7.50,,//i5.walmartimages.com/dfw/63fd9f59-33e4/k2-_1255bd77-c218-4f2a-99ce-14731eeaa110.v1.gif,https://www.walmart.com/ip/Army-Men-s-Combo-Shirt-Beanie/52769085
Star Wars Men's Samurai Stormtrooper T-Shirt,$19.95,Fifth Sun Apparel,//i5.walmartimages.com/dfw/63fd9f59-33e4/k2-_1255bd77-c218-4f2a-99ce-14731eeaa110.v1.gif,https://www.walmart.com/ip/Star-Wars-Men-s-Samurai-Stormtrooper-T-Shirt/132783359
Army Men's Shirt & Beanie Combo,$26.79 - $83.04,,//i5.walmartimages.com/dfw/63fd9f59-33e4/k2-_1255bd77-c218-4f2a-99ce-14731eeaa110.v1.gif,https://www.walmart.com/ip/Army-Men-s-Shirt-Beanie-Combo/55700415
Star Wars Men's Millennium Falcon Schematics T-Shirt,$19.95,Fifth Sun Apparel,//i5.walmartimages.com/dfw/63fd9f59-33e4/k2-_1255bd77-c218-4f2a-99ce-14731eeaa110.v1.gif,https://www.walmart.com/ip/Star-Wars-Men-s-Millennium-Falcon-Schematics-T-Shirt/100423779
